{"pair": "BTC/USDT", "position": "neutral", "pos_ls": 0, "lastb_buy_px": 10297.62, "lastb_sell_px": 10312.62, "running_pnl": 100, "long_name": "MACD", "prev_EWMA": -0.0004324820458988521, "prev_RSI": -6.054295124511056e-05, "prev_OB": 0.005983846146725933, "prev_IB": -0.0008632315813434561, "prev_final": 0.0008815884615380565}